Disributor,Film Count
20th Century Fox,230
3D Entertainment,1
8 X Entertainment,1
ART,1
Access,1
Alliance,4
American International Pictures,1
Anchor Bay,4
Apparition,4
Artisan,23
Artistic License,1
Atlantic,1
Attitude Films,1
Avatar,1
Avco Embassy,5
Barking Cow,1
Big Pictures,1
Bigger Picture,1
Black Diamond Pictures,1
Buena Vista,227
CBS Films,3
CFP,1
CHRIST,1
Cannon,4
Cinema Service,1
Cinema con Sabor,1
Cloud Ten Pictures,1
Columbia,26
Consolidated Pictures Group,1
Cowboy,7
CustomFlix,1
DEJ Productions,1
Damiano,1
David Keith Co.,1
Destination,4
Destination Films,2
Dimension,28
Dimension Films,2
Disney,1
DreamWorks SKG,78
Embassy,1
Empire,1
Eros,5
Excel Entertainment,5
Fabrication Films,1
Film Foundry,1
Film Movement,2
Film Sales Co.,1
FilmDistrict,1
Filmways,2
Fine Line,16
First Independent Pictures,1
First Look,9
First Look Pictures,1
Five and Two Pictures,1
Focus Features,36
Fox Searchlight,65
Freestyle,2
Freestyle/Darko,1
Galactic,1
Galaxy,1
Giant,1
Goldwyn,6
Good Machine,1
Gramercy,12
Halestorm,1
Halestorm Entertainment,1
Hemdale Film Coorporation,1
IDP,2
IDP/Gold Circle,1
IDP/Goldwyn,2
IDP/Sam Goldwyn,1
IDP/Stratosphere,1
IFC Films,20
INWOO,1
Independent Artists,1
Indican,7
Inerstar,1
Island,1
Island/Alive,1
J.F. Prods,1
JeTi Films,1
Jerry Gross Organization,1
Kino,5
LIONS,1
Lavender House,1
Legacy,1
Lion's Gate,79
Lions Gate,1
Lions Gate/IFC Films/Fellowship Adventure Group,1
Lionsgate,13
Live Entertainment,3
Lorimar,2
Lot 47,1
MGM,3
MGM/UA,137
MORO,1
Magnolia,15
Magnolia Pictures,1
Miramax,135
Monterey Media,1
Mulberry Square Releasing,1
Music Box,1
NEW LTN,1
NORTH,1
New Century Vista Film Company,1
New Films Int'l,1
New Line,138
New Market,7
New World,5
New World Pictures,1
New Yorker,2
Newmarket Films,1
October,6
October Films,1
Odeon,1
Off Hollywood Pictures,1
Off-Hollywood Distribution,1
OpenEdge Media,1
Orion,17
Orion Classics,1
Oscilloscope,2
Outrider Pictures,1
Overture,6
Overture Films,1
PION,1
Painted Zebra Releasing,1
Paladin,1
Palisades Entertainment,1
Palm Pictures,3
Palm/Manga,1
Paramount Classics,12
Paramount Pictures,258
Paramount Vantage,3
Phaedra,2
Picturehouse,6
Polygram Films,5
Power Point,1
Providence,2
RAIN,1
"RBC Radio, LLC",1
RED HOR,1
RKO,2
RS Entertainment,1
Rainforest Films,1
Regent,1
Regent Releasing,1
Relativity,1
Roadside,2
Roadside Attractions,4
Rogue,1
Rogue Pictures,1
Romar,1
Roxie Releasing,1
Samuel Goldwyn,9
Samuel Goldwyn Films,1
Savoy,3
Screen Gems,1
Senator Films,1
Shooting Gallery,1
Shotwell Media,1
Small Planet,1
Sony,312
Sony Classics,78
Sony Pictures,2
Sony/Gems,1
Sony/Screen Gems,1
Sony/Tristar,1
Strand,8
Strand Releasing,2
Stratosphere,1
Summit,11
Summit Entertainment,3
TLA Releasing,1
Tartan,1
Testimony Pictures,1
The Movie Partners,1
ThinkFilm,9
Third Rail,2
TriStar Pictures,4
Trimark,9
Triumph,1
Truly Indie,1
USA Films,15
United Artists,23
United Film Distribution,2
Universal,261
Universal/Arenas Entertainment,1
Universal/Rogue,1
Videos,1
Vitagraph Films,2
Walt Disney Co.,9
Walt Disney Pictures,1
Warner Bros.,311
Warner Independent,3
Warner Independent Pictures,7
Weinstein,1
Weinstein Ci.,1
Weinstein Co.,33
Weinstein/Dimension,1
Weintraub,2
WellSpring,2
Wellspring,1
WinStar,1
Winstar,1
Yash Raj,1
Zeitgeist,7
Zion,1
